ID,X
946008,-1.152599476
945770,0.464160706
947068,0.728932466
947698,0.410617452
946697,-1.461147201
946750,-0.018908087
948359,1.693447821
946234,0.00939061
947023,0.496784993
945424,0.166798808
947398,-0.236924039
948644,0.444865788
945652,-1.254028069
946376,0.033874233
948083,0.011670427
947647,1.154890662
945567,1.207267599
945960,-0.628923593
946174,1.371423631
944774,0.732500568
946974,0.34875906
947825,0.486578747
945168,0.322041806
948014,-0.771495285
946472,-2.226802977
945433,2.381308176
948108,0.436279726
948628,-0.121771589
9797237,2.342185229
946203,-0.643507355
946754,0.381491725
948854,0.636996206
947164,-1.099297673
2847690,0.409819749
947747,0.570341134
948656,-0.022844384
945450,-0.396439477
947415,-0.0640979
5061533,1.17692463
947540,-0.687749631
946087,-1.298082606
948535,-0.916431382
948128,-0.695423538
948332,-1.837176119
947273,1.141526169
946756,-0.512713547
948147,0.838812955
948622,1.225614033
945594,0.681559047
945998,-1.318479227
946068,0.61981198
945546,-0.038411397
946165,0.825574667
945858,1.868279493
947197,-0.056662887
945728,0.90803142
945189,-0.221630961
947377,0.37205974
947231,1.255035393
945575,0.661242529
949039,-0.513346089
945182,1.360614051
2847761,-0.711697633
947646,-0.355009716
946579,-0.461523185
946156,-0.56967064
949078,1.104129033
5625571,-0.750456599
945391,1.31595303
947887,-0.534512006
945800,-0.884157423
946071,-1.179610862
947127,-0.721661017
948963,-0.150555627
947544,-0.192122315
949068,-0.980343037
948456,-0.345012315
948084,-0.975098524
948339,-1.078100175
945063,-2.008556194
946656,-0.725936586
947225,1.310823975
948758,-0.321539926
1450267,-1.406216785
944876,0.024785011
948076,0.890437348
947892,-0.226106218
948421,-0.197478638
945946,-0.24175477
947883,-0.933001166
948683,-1.444075203
1450268,1.519078377
946528,-0.090311952
946573,0.001039667
948682,0.339895741
946296,0.077495581
946845,1.329491703
946243,0.450403452
944859,-1.401590479
948062,-0.672144585
946047,0.35749013
946301,-0.131405658
944891,-0.161293662
945210,-1.294634874
947096,-0.796192149
947657,-0.933523651
2847732,-0.809038603
947743,1.558156833
944812,1.733114785
946929,0.135444821
948915,-1.123467455
948197,1.285134889
946902,-0.948655997
5625583,-0.338517081
2847770,0.392934879
944874,1.671918456
948710,-0.593485402
947826,1.489574522
945524,0.225422309
948324,-1.119941717
946312,-0.302075732
946294,-0.23713892
946668,-1.195802759
948067,1.477609715
946199,1.088516402
944781,1.19812087
1450285,0.180084353
948893,-1.504813359
947334,-0.013747633
945071,0.543727689
947456,-0.238597493
948414,0.657264592
947869,1.083450531
946720,1.0074309
947107,-1.026847771
946072,1.084599019
949036,0.669994745
944892,0.14080719
947114,0.993791195
947346,-0.244014337
947578,-1.421852088
945042,0.102694258
945443,0.670181116
948646,-0.831990822
945175,-0.686139186
947814,-1.33395142
948845,0.02233452
944893,0.336278022
946153,-1.089761454
945517,-1.507853431
946769,0.436584497
948713,-1.022858573
945217,1.515243672
945377,1.982837304
947214,-0.349846511
948204,-0.197754053
948314,-1.093936095
948089,1.826329051
944818,1.563619971
947672,0.60444933
948200,-2.000248072
947030,-1.202994115
946688,0.298314495
945326,-0.679873971
949133,1.519375015
945429,1.894827246
947736,-1.220952518
947728,-0.517440042
947952,-1.058998278
948376,-0.284731619
946484,0.630991896
2847756,-0.614763968
947124,1.093824693
948236,-0.934434956
948092,-0.818234364
946035,-0.060311043
947082,0.396011978
945389,0.534820354
946593,1.42122807
947194,-1.042345094
946202,0.804569223
947865,1.050483442
948678,0.121414563
947524,-2.143690288
945469,1.146157921
946112,3.164798349
945178,1.1533214
945332,0.897494765
945853,0.003540059
948279,2.422521114
2847716,0.113882956
946465,0.067092954
945534,1.193207665
948858,1.086989912
947461,0.179657094
945908,-1.15321765
947162,0.509600234
945419,-0.145840516
945024,-0.825533247
948058,0.093555529
944953,0.536690121
946427,0.166316954
948613,-0.175503818
4056027,1.3308396
947247,0.000243185
948425,-1.467957042
948097,-1.424906068
947206,-0.6475689
944975,-0.79529989
946511,-0.275517518
947451,-0.005050529
947870,0.56122333
945581,1.132630207
945446,0.501710006
947179,0.402340472
947287,-2.064253357
948493,-0.0221735
947823,0.903502347
947117,-1.22707334
944860,0.547622433
946999,-1.78523497
946469,-0.555414541
947148,-1.589190865
948778,-1.227496119
945748,-0.654300212
945125,0.106228606
945674,0.44115507
947681,0.556511663
946168,0.392834602
945875,-1.832342801
946927,-0.439400835
5061524,-2.527815121
948275,0.130513927
947224,-1.195240569
946283,-1.322115275
945951,0.275414448
946198,-0.878190307
947557,-0.862189516
948718,0.957989975
947946,-0.075801194
944826,-0.312576408
947694,0.913475108
947445,-1.750652406
947649,1.318554248
945834,-0.136255703
945989,2.354477135
947413,-0.759906661
944852,-1.220766983
944947,-1.269772533
945829,-0.786891178
2847738,0.3764026
948757,-1.378848262
946232,-0.460485187
2847678,0.423786269
948244,-0.005193466
948267,-0.309364074
948444,0.311665233
945180,-0.986259444
947195,0.37425505
948018,-0.623373378
945981,0.155027232
948503,1.77054534
946592,-1.396874664
948023,-0.864056736
947839,-0.764240506
948526,-0.251747757
947999,-1.255071232
945037,-0.729316544
948531,0.191209192
948731,-1.119719225
947454,0.348320054
947788,-0.711064275
946437,0.143561615
946186,-0.268631628
948857,-0.595343236
947742,-1.902221263
946682,-1.817112933
945358,1.100366287
947467,1.210921054
945726,0.183515708
946042,-1.121071506
945550,0.856822479
944798,0.255537786
5061497,0.958897989
946828,0.950917578
947474,0.009650645
947777,-0.278370312
948689,-0.105518884
945316,0.649034396
944932,1.371968328
945193,-0.337875358
947271,0.284641522
946023,-2.073488912
947341,0.53170408
946013,1.609460946
944981,0.884182187
947380,1.482186434
947831,1.397272642
946887,-0.418350884
945565,-0.729348224
948228,0.821903844
947336,-0.289912539
948674,-0.173346176
947170,0.197876164
946657,0.031368301
948802,0.257803831
949049,0.188467393
1450300,0.17702712
5061503,0.547104556
7751614,-1.024740483
4056033,-1.763531528
948326,0.956458995
946494,-0.793579831
946676,0.46496527
946546,-1.148240864
947173,0.838736564
944764,-1.1847559
947942,0.845453336
946880,-1.143962779
947863,0.504422419
946221,1.572342741
946727,-0.11893395
947580,0.467635993
948851,1.186030623
946377,-0.227183817
948866,-1.235322473
947934,0.922858685
948054,2.263532697
946690,-0.107983294
948465,-1.547217892
945719,1.474490727
945368,-0.800677494
945982,0.815277878
946818,0.644310435
945787,0.409855367
947509,-0.324993527
946983,-1.961170555
945525,-2.304155596
947987,-1.219487966
945120,0.027293983
947730,1.448385615
945867,-0.419145884
7751632,-0.497656489
948525,1.492002934
946545,-0.181975187
948907,-1.431212733
947163,0.625106972
948670,-0.373845304
947371,0.489577914
947758,0.42461027
1450283,-0.046276032
945331,1.138270725
5625577,-0.599747131
946537,-0.382873158
944776,-0.042147441
945935,-1.124212692
948381,1.270100041
945596,-0.199934776
948774,-0.243308935
944778,0.796541796
945144,0.032777478
945601,1.024799275
7751647,0.205154982
947318,-0.523093404
946837,-0.278564642
949021,1.937219043
7751622,0.367111734
948756,1.09397855
947677,0.207185845
948662,0.028170368
948916,-0.556214649
946977,-1.074511069
945273,-0.103578924
948850,0.022271295
946164,1.22484998
945490,0.747010684
945215,-1.078355861
947308,-0.34259274
946722,0.513796179
947174,1.22325272
946254,-0.10018834
945702,0.734381648
946225,-0.293612813
945477,1.646865663
948152,-0.020823806
946712,1.668353587
946200,-0.000245898
946945,0.567684265
948675,0.530070025
947245,0.3578927
944942,-0.33151261
945995,-0.705809257
948545,-0.157045559
949088,0.575331251
946869,1.190092299
946320,0.678987553
946178,0.460083825
945604,-0.866710177
946251,-0.574124287
945840,0.848450081
945618,-1.634398228
946344,0.433048968
2847766,0.536534646
946369,0.955568878
947940,1.323773301
946719,1.347979255
947025,-0.263166953
948138,-1.192069878
948125,-1.143364376
7751645,1.02266506
944917,0.010007753
945327,-0.216148833
945795,-0.504314834
948462,-1.022097439
945255,2.726922191
7751624,0.012777671
944749,0.563582209
946832,-0.282859421
2847696,-2.51309002
947784,1.172421657
949013,0.459723491
946693,0.467912639
947960,-0.042254299
948445,0.577705624
949086,0.595855876
946617,-0.856814339
7751617,-0.609039998
948734,1.142097164
949062,-0.068519186
945548,-0.848122882
948789,0.911918253
945333,-0.685667632
1450235,-0.334848986
945297,-0.922072717
945317,-0.08065669
948641,0.177094369
947945,0.511480348
948541,-1.49572445
5625573,0.037260102
947109,-1.475701339
945016,0.416752494
945863,1.540642486
947269,0.077312952
947182,-0.161010602
946640,0.568999379
947886,1.021600808
946848,-0.286023436
945945,-0.749812842
947254,-0.951228027
946589,-0.57725206
945673,0.482143747
946694,-0.841710136
944907,0.335391989
948773,-0.40871301
946187,-1.17823136
947053,0.484871514
948334,0.490773103
947156,2.219462292
948924,-0.2372453
945815,0.725807487
947284,0.285005315
948317,-0.974622674
947581,0.903278476
948371,-0.200053416
945135,0.141191252
948120,-0.458594856
944908,0.759946645
946910,0.67512442
946098,-0.044110015
946074,0.712919491
946155,-0.295062691
948818,-0.110969796
946029,-0.116121927
945090,-0.788382377
1450297,-0.458758476
948698,0.623100615
2847700,-0.414454106
946994,-0.36115694
947290,-0.217225591
946908,-2.886465487
946182,-0.051922216
5625565,-0.265519066
5061527,0.378877481
945047,1.393018044
949009,2.366247396
1450243,0.107961558
944911,1.973319908
948485,-0.616976909
945062,-0.839063369
945691,-0.236104014
948685,2.111885748
946050,0.02041577
946093,-0.063773642
946525,-0.521017912
945085,0.272975268
948812,-0.345718289
947595,0.063185373
944756,0.511441111
948669,0.117363933
948781,-1.283655247
945537,1.348862863
947610,-0.229743187
945860,-1.732484784
948749,-0.627309025
946811,-0.240507838
946076,-1.33757722
947750,0.243139013
2847775,-0.552372085
948736,-1.099987724
946913,0.148266029
946976,1.297114927
948616,-1.011109087
944794,-1.402938031
945789,-0.827173843
948538,-0.512337491
945803,-0.112048858
945884,-1.190335784
946343,0.350355534
946191,0.493726857
948672,-0.779850608
946882,-0.917469583
947533,-1.68586337
946033,1.053285879
945902,-0.19549731
945112,-0.224603488
945509,-0.064229231
947051,0.238305582
948480,-0.619457985
947881,-0.102997032
944823,0.291874257
947286,-0.494101831
1450255,0.061307899
947853,-0.661399365
947991,-2.898999638
945385,1.132935053
945049,0.498823426
946363,0.209404256
946053,-1.079269018
7751623,-0.597572328
948036,0.812803518
947356,-0.691872936
947640,0.735103158
947169,-0.988269917
948150,-1.307623987
948059,-0.430724093
948006,0.388170089
945910,-0.540004097
945275,-2.219935243
947501,-0.54345012
947816,1.462490382
945483,0.164414003
7751642,1.848276267
946134,0.707545358
948551,-1.296550324
946790,0.364390084
948247,-0.949919902
947432,0.786946458
949008,1.378131124
948918,-1.263674002
946477,-0.156260777
948099,-1.841758415
945813,-0.054974277
947396,0.384741315
948132,-2.010677181
948251,-0.71218007
946144,0.368574821
946460,-0.533012349
948769,0.697028981
947522,0.540966873
948433,-0.463774796
944847,-0.779878495
5625582,1.281236199
947535,-0.01453418
946354,-1.007673136
2847744,0.485819705
946445,-0.017368215
947519,-1.412365483
948666,-2.198431982
947105,0.230063332
2847772,-1.44583946
947773,1.121346627
946982,0.451074309
945600,0.567830386
945032,-0.012483207
946816,0.401662582
946941,-1.195418058
948772,0.2806803
948955,-0.305713862
945174,2.576454701
948473,-1.051834822
948826,0.704059494
946227,0.052809348
946971,0.392182022
947531,2.021231214
948419,-1.984552663
948848,1.802687861
946575,-0.119737945
945857,0.56822133
2847755,-1.147150748
945471,0.244513963
945686,-1.31363409
948822,0.532395168
945219,0.81740087
945138,0.571784922
945205,-1.155652115
948220,0.523840604
945623,1.088351708
946706,0.477885148
946758,-0.158089795
7751630,-1.69546896
947947,-0.638288033
946365,0.897223819
946725,1.490681342
948065,0.107625517
947102,1.371430624
948870,0.092818763
948472,-1.644581849
19351532,-0.287387009
947294,0.91351223
945775,-0.484271415
947707,0.265784584
947644,0.882826075
945476,-0.021784883
947218,0.871495278
945128,-0.503883754
948145,1.327404225
946185,-1.126276344
5061531,-2.394783484
945873,0.804282117
948980,1.759625586
945298,1.012340521
948994,0.216989246
946665,-0.545694469
945068,0.583965862
945930,1.178074294
947119,0.799946547
945552,0.294765133
948263,0.297681944
947671,-0.056124999
946337,1.080665285
945088,0.797413797
948094,-0.596499647
947772,0.976732558
945413,-0.42762164
946873,-0.268494009
947139,1.802608679
948709,-1.981221487
947642,0.031027815
946804,-1.389434873
945335,0.681329378
948500,0.264355436
946509,0.132488561
947181,-0.352252564
2847773,-1.682304105
948598,-0.454968222
946281,0.52556902
949106,-1.000232197
946450,-0.715441733
947679,1.221994088
947312,-0.358754466
947337,-0.921068369
945445,0.358625934
948063,0.435356534
948210,0.957132312
947006,1.518217682
946032,-0.307348031
948647,-0.322575905
948687,-0.693711504
947157,-0.764322887
947386,1.114812993
948609,-0.277649157
949070,0.174575814
946065,0.30958105
946362,-0.288333464
946016,1.217197894
945099,-1.144663944
944795,0.287768299
947057,0.669267173
948702,-0.890047632
944972,-0.324382195
948320,0.26381497
945714,1.087649685
944886,2.059517921
948457,-0.358032863
947060,-0.677461766
948645,-0.773760201
947317,-1.125630052
947782,0.493375259
945214,-0.120213146
948582,-0.985746105
948894,1.914287132
948439,1.863524907
945762,0.486014427
948302,0.393295079
5625568,1.717409546
947803,1.398468604
949047,-2.414862812
948696,1.203758114
947427,0.211461914
947827,-0.609538018
946768,0.465130835
948269,1.301940661
948534,-0.427443347
944809,-0.57339932
946372,-0.540616369
946150,1.038092588
2847729,0.714788709
947098,-2.691403571
947966,-0.973199265
945006,-0.009403063
945889,-0.863104723
2847688,0.953957201
948142,-1.217534431
947186,-0.988819942
5625564,0.762970183
948995,2.118214773
948486,-1.204318959
946400,1.346867455
944754,-0.769163002
947683,2.058207872
948923,0.514889764
945922,-0.706942073
948431,0.517671046
945031,0.731190069
947680,1.405794636
947528,0.393698479
947967,-0.765984109
948369,-1.559484707
946864,0.304907912
947150,-0.172648882
946451,-1.252531339
945648,-0.827334059
948437,1.32545897
947080,2.323884509
949045,0.037891048
946418,0.489207161
945772,-0.343543988
948032,-0.930382627
948719,0.94271908
948347,0.043021894
945742,-0.885163879
948513,0.225602626
948118,-2.413408206
948938,-1.536310994
947499,0.769910668
949099,-0.135470083
945919,0.544996781
948775,1.758131177
948664,-1.180491983
947222,0.248278128
1450238,1.78522605
946933,-0.518353034
945583,0.25392075
945964,-1.097597719
947108,0.128915366
948997,2.078510267
944929,0.932992454
945631,-0.00786048
946342,-0.090233003
947515,-1.001974369
2847752,2.662186436
948029,-1.850789563
946577,-0.135552037
948694,-1.583274419
944999,0.951442662
946766,0.03897484
946028,1.865462453
947011,0.677275239
945094,1.937436116
948522,-0.617105152
947794,-0.374217548
945926,0.570834784
945780,-1.038360322
947521,-0.607816183
944978,-1.161423849
947767,0.414534051
945258,-1.300438026
945761,-0.298384582
946291,-0.872472157
2847685,0.503475863
947489,-0.933706157
945158,1.012063553
948046,-0.986409428
948908,-0.085126901
947655,-1.349651915
949080,-2.290118973
945074,0.755380598
945019,-0.221443906
946003,0.284760647
947917,1.039633243
947830,0.887648822
944906,-0.152778602
944802,0.681553171
945801,-0.715741221
945146,-2.007772175
944819,0.271086252
945113,0.912556434
949081,0.962264542
945337,-0.030385685
947401,0.645030816
948410,-1.739049478
945504,-1.082000073
946217,-0.198331785
946503,-0.350924193
948141,-0.063545605
948377,-0.560988798
945199,1.206117417
947765,1.018094005
948655,-0.47083113
947690,-2.182182122
947824,1.28150904
946985,-1.973695778
944814,1.547142067
948892,2.71941037
945849,-0.147224397
948511,-1.352205056
947567,-0.230804132
945891,0.172579371
948909,1.244247493
945893,0.339000592
947801,-1.274860665
948308,-0.706926933
946689,1.115965371
947971,2.211773565
948107,1.464892495
947756,-0.335192055
946135,1.091253704
945988,-2.73892217
946260,-0.267244581
947968,-0.217044868
946587,0.133144597
946716,0.844509083
946865,0.551589928
947193,0.315249849
944813,0.835607808
946402,0.838311339
948750,0.123735424
946681,0.920340665
945283,0.703446823
949044,-0.49812239
946799,-2.059360671
946918,-1.015260021
947512,-1.220890098
945895,1.721759648
948805,-0.462340245
5061509,0.698299578
2847713,0.766754268
948761,-0.540568259
946674,-1.15114396
949132,0.65694649
947804,-0.525134299
2847734,2.281105149
945629,0.961341761
946505,0.907353157
948763,-1.843632423
2847723,0.316988871
2847740,0.571453538
944951,0.387255308
948795,0.13564261
946468,0.941726619
7751627,-2.345219494
945643,1.366844857
948315,0.863015967
948164,0.911479265
947732,-0.705849246
945699,-0.414461895
945586,2.27463904
948987,1.041320745
946760,-0.60731118
946039,0.391598412
944963,1.252527919
945842,-0.842004751
945590,0.917396619
946513,-0.067605598
947517,-2.071912136
947143,0.336658231
947770,1.086710188
944871,0.139758526
949025,-0.342947779
948073,0.261674859
945536,0.418336807
947906,-0.381700744
946833,-0.785914425
945078,0.781295325
948126,-0.517667553
944900,-1.650028169
947257,1.658627906
947369,0.632367542
947744,0.787771051
947199,-1.985443585
947913,-2.027867938
947255,-0.316878705
949067,-1.163050118
946305,-2.554234083
946088,-1.082265137
946255,-0.256515335
946170,0.050091114
944873,-0.361649062
946932,-0.668618525
945799,-1.002260852
945630,0.544294243
945657,-2.62793294
948667,0.476272405
946879,-0.313848123
947615,-0.36165783
944763,1.314669846
948284,0.172744589
946793,2.818502855
946058,-0.067758547
946826,0.35048743
949110,0.098489764
946590,0.393040792
946603,-0.548416436
946405,-2.086417778
947599,-0.918872249
946610,1.434604232
944772,-0.771592288
946285,0.343440789
944828,-0.668536461
945531,-1.28601877
948133,-1.237370696
947468,-1.034597089
944870,1.19219569
948105,1.768509614
946715,2.003281574
946651,1.164607783
946334,-1.588091434
1450237,-0.225188423
946470,-1.153235171
947705,-1.551160886
944937,0.950967179
946413,-0.888357503
946228,1.05470418
946787,-0.621899192
947135,1.787787171
948045,0.64333333
948733,-0.001397088
948123,-0.230479378
946248,-0.689601199
947453,0.836789103
947884,0.187840782
948181,1.117216292
945444,0.512765036
948888,0.405031898
946160,-0.272734163
947652,-1.353848635
947044,-0.407414976
947176,0.642516726
948539,-0.068487989
945653,0.388477276
948143,0.231682367
947721,0.478582668
946937,-0.156137115
947741,1.794054441
947632,-1.100035563
948085,-1.355368975
5061528,0.251333176
946987,-0.55657009
946183,0.669031728
5625566,1.262363674
946406,0.513171144
945572,0.476516743
947914,-0.516807256
947007,-1.09850646
949121,-1.769319317
2847706,-0.899478754
946786,0.140583
947463,0.313974162
945712,2.361210832
947900,0.513529204
949087,-1.488501175
946201,0.336417629
945851,-0.216379392
947240,0.422743929
945559,0.004274093
948195,1.189351694
945791,-0.070278932
948173,0.053018126
946041,-0.184435004
948895,0.504317073
7751626,0.505905306
947645,-0.667799623
946102,-0.182969474
946500,-0.554286088
948290,-0.492028807
944769,-0.252197466
945129,1.312929749
946492,-0.655736996
945693,-0.248641232
947631,-0.342496567
947177,-1.272571346
945923,0.086787316
946094,-1.039013355
946022,-0.00464203
945005,0.608042182
947716,-0.372247042
944743,-0.987970093
944799,-0.015185813
949052,0.663593411
946447,-0.791843401
944928,0.73901651
947437,-2.150121337
946752,0.821784911
946924,1.653753825
945898,-0.582309783
945264,-0.774389798
944824,0.105384233
946302,1.226524729
946673,0.606419765
947993,-0.614532016
947003,0.3644283
1450291,0.358813134
948752,0.522382283
944834,-1.147964933
948287,-0.070496068
2847718,2.213002775
945606,-0.223458173
946197,-0.248644657
948739,-1.415250468
948213,-0.290052833
946259,-0.402525726
947089,1.285260691
946898,-1.303949552
1450231,0.007300787
1450246,-1.261269976
948668,-0.431471199
948232,0.214842766
945633,-0.296013958
948603,0.679345637
946399,-1.217331026
948856,-1.508775532
946534,0.353831314
946938,2.023978128
948088,0.522140099
945616,-0.220789069
946594,-1.10561652
945940,1.967727872
946868,-0.270308314
946424,0.551162929
945465,-0.454834081
948887,-0.702994145
946446,0.257265352
947038,-0.915578335
947256,1.881200634
945241,1.104323548
949015,0.523192766
947962,0.365536985
947692,-0.005123715
947904,-0.321690105
949065,-0.36356473
948956,0.306364284
945163,-0.598527824
945055,-1.05943812
946859,-0.155436554
946817,1.148387661
945354,-1.005988488
945288,-2.700941838
945751,-0.334369329
946838,0.376786001
948901,-0.622631616
946452,-2.197232263
948028,2.278398122
2847676,0.317400535
948172,-0.798832566
948699,0.544240334
945179,-1.332859286
947063,-0.336842467
946621,-0.32714911
2847735,0.072882553
945325,-0.758546479
944782,0.615267744
948340,0.230306649
948230,-1.538910645
1450258,-0.765722729
948602,-0.689325791
947027,0.527265897
947120,-0.978414913
948981,0.806133287
946835,-1.627902901
948167,0.039556529
947252,-0.008479175
946821,0.878125315
945455,-0.909451469
945497,-2.066348209
947072,-0.24218227
945495,-0.466119537
946455,0.837773828
947301,-0.986648492
946702,0.184434148
945608,0.379814003
948993,0.568237094
948071,-0.116695013
948508,-0.538888312
945615,-0.25134521
948829,0.029796972
948274,-0.113770845
948189,1.87473144
946215,0.201598385
945302,0.602856326
948001,-0.882629273
945153,-0.297656572
947338,1.401697556
946959,1.864421627
945393,-0.921069719
946387,-0.470041223
946146,1.184241916
948442,0.854348936
948053,1.077273626
946481,-1.051346162
948878,-0.686552388
945731,-0.824999808
945528,1.051317399
947246,0.404602859
947596,0.346534867
946622,0.07553984
947272,-1.093992564
944883,0.941101994
947879,0.447110236
948432,-1.676601396
945835,-0.423455872
8764968,0.126322448
947189,0.825343305
947128,0.796897301
945115,0.628911684
946025,-0.463175162
5061523,-1.325044197
946081,-1.191960383
945374,1.798457074
947161,0.371728877
947985,-1.312537745
945149,0.798841538
948637,0.546868927
945284,-0.642776518
5061501,-0.508971467
945225,1.729842048
946421,-0.317164855
946566,0.404872112
947752,-1.104193402
948884,-0.975353135
946205,0.602532775
948163,0.608203489
948663,0.061179665
948174,1.545422847
5625554,-0.218307914
948311,-0.590734388
945109,0.174448025
945204,-0.5651947
945866,-0.619851743
946216,0.647362197
948278,0.693572293
2847747,0.616854427
949031,-0.061168086
948461,0.235731158
945655,-0.831545692
944979,0.278907598
948782,0.531004781
947848,1.055370493
948737,-0.82811004
946037,0.334277275
2847699,0.564366291
948310,0.48857575
945976,-0.669628456
945963,0.994008729
948939,-0.08130382
945101,1.815865813
945365,1.697259655
947279,-1.23292232
946389,0.17034539
948650,-0.036597074
945735,0.006645632
945540,0.726915086
946886,0.451896809
945592,-0.908462815
946062,-1.151325737
946235,0.274049282
948109,0.494129341
1450273,1.018230333
948429,0.412227512
946638,0.204436645
948930,0.70703831
948479,-0.054730078
946204,1.021249443
945864,0.381284586
945091,0.375197843
947798,-1.181724011
948364,-1.343743678
944745,-0.724644569
945645,-0.618107981
948705,-1.792748688
944831,-3.035598384
944790,-0.205726144
946944,-0.441511286
945917,0.126660638
948920,0.353737903
945230,-0.266013935
948352,1.369226771
945887,-1.81698348
946417,-0.846111261
948879,0.121256016
948261,-1.164996817
947857,1.141456757
947123,-0.782988942
945688,3.251422548
948676,-0.132099541
946967,-0.242831878
948370,-0.300026307
947165,-0.507496812
948810,-2.598708533
948416,-1.301098282
948903,1.050294589
948720,-0.606381379
945638,-0.928822707
945865,-0.683247413
949030,-1.179802455
945287,2.201741809
945852,0.578277105
944943,1.669775824
2847768,-1.031536121
945423,2.55992472
2847694,1.040774568
946231,-0.244734122
948544,-1.210687825
948806,1.161062517
947871,-1.722891299
944806,0.228005136
5625575,0.172377295
5061516,-1.51808565
945116,-1.217276628
945675,0.848617575
945400,0.09919425
947210,1.85536358
946550,0.501327712
945336,2.22670026
949023,0.673934005
946206,1.892161038
946743,0.481953357
947055,0.88581613
949119,-0.973112582
2847672,-0.544299675
945033,-0.356745602
944744,-1.991793113
945529,-1.715589896
948459,1.144305135
946364,0.522397233
945784,0.957983586
944960,1.227282904
947844,-1.025816634
944784,1.86176625
946171,1.404334533
4056041,0.516086747
945379,-0.724282439
946139,0.510610682
946991,1.046161782
946504,-0.326627869
946308,-1.578906474
947062,-0.546396145
7751636,-0.607452698
947332,0.189732191
946853,0.713608246
944931,0.928080815
947714,-0.764800108
945973,0.377473607
1450299,0.48418866
945222,0.955057793
946090,-0.710141362
948350,0.026887498
947937,-0.888330509
948574,-0.309919426
945053,0.306349013
947639,0.746091565
946711,-0.469470391
947160,-0.609848861
945343,-1.24208775
948358,-0.144918881
948540,-1.09930917
946274,-0.891483659
948494,2.975083431
944895,-2.402482011
945660,-0.439141592
947994,-0.337408222
945388,-0.017682951
944918,1.687480905
945257,2.746601585
945268,-1.520188762
944974,0.892073172
948240,0.858346814
946965,1.406669247
947564,-3.207021207
947978,-0.659383849
948390,1.028895547
946244,-1.891042414
948447,1.427597106
4056032,0.272900366
947069,-0.214583747
945152,-0.446655516
949093,-0.794288904
944753,-0.999379756
947759,0.575862256
947925,0.665210749
948846,1.13847684
947358,-0.941584189
946515,-0.670739728
948238,0.269199578
946401,-1.050597022
945602,-0.515770329
948114,0.61229557
944985,-0.486886996
947651,0.069108607
949102,-0.55810518
946056,-0.857340215
946328,0.100266914
946630,2.920946145
947720,0.263684921
948767,1.083992363
947583,-2.599423859
947459,-2.176370116
946429,1.071944471
946939,-1.084742863
945585,-0.31696336
4056036,1.640395204
946506,-1.232858844
947779,0.775329972
947545,-0.207331048
945023,-0.496505859
946218,-0.154607234
946753,1.13936791
945897,0.752275418
945637,-0.731428442
945628,2.531991003
946120,-2.395864421
2847707,0.710292093
949024,1.380901922
946123,0.138057197
948002,-1.247898494
1450253,0.423331113
2847731,-0.831909835
946721,0.50421358
948285,1.465069405
947147,-0.769356546
947409,-2.295046356
946064,0.26962632
946145,0.570793988
944761,-0.240486104
948982,-1.000928692
946993,0.695215765
948449,-0.591049115
944920,-0.887972518
947296,-0.740150235
949029,0.978722569
1450313,0.222275301
946928,-1.455238305
949096,0.771461226
946082,-1.897227482
948979,-0.653912542
946373,0.897509352
947733,-0.533908787
947382,-0.430666963
946080,-0.110580853
947975,1.836046343
946813,-0.709965381
947429,-1.983306506
948242,-0.793020026
944968,1.568235717
947010,0.142910029
945188,-0.142797202
946558,-0.576129566
946639,-0.684767777
948176,0.809724221
946151,0.111095724
948652,0.145749693
945513,-0.093921169
945324,0.113542152
948481,0.030526335
945243,-0.518851517
946069,0.097989991
947888,-0.078477213
947048,1.852862516
947537,1.268580073
945206,-0.428679114
2847774,-0.855820457
949101,0.400653855
945975,2.086775808
945396,0.234475347
945449,-0.595334865
947376,1.719870034
946499,-2.089231174
947050,1.499806061
2847742,0.251901315
948606,0.246663509
946840,1.198307286
945010,-0.707953214
947488,-0.143187082
946544,-0.300063245
947412,0.050650048
944858,0.136005231
946889,-0.478829824
947178,0.85309138
948056,-0.633834481
946368,-0.277466534
945662,0.601087978
946735,0.490010303
7751625,-1.692081069
949014,-1.072329106
948137,-0.969030934
948201,1.692639621
947551,-0.421902654
947097,1.189812444
946276,-0.684977466
944910,-0.907056038
944897,-0.702961441
947665,-0.505468008
946096,0.338693968
947878,1.136126738
945192,-1.025924105
946836,1.280612814
948129,-2.603834862
947372,-0.597124872
947322,0.283396772
946143,1.1203044
948657,-0.7564576
946209,0.941589386
945576,-2.75797299
944829,-0.489708278
947241,1.021438363
945894,0.084973243
947981,-0.841777347
946314,0.044355146
946349,0.314467969
948491,1.094322021
946920,-0.959892219
948833,1.133050156
947633,-0.657684236
948504,0.581309687
945798,-1.217043279
949126,0.513492006
947394,2.194949013
946514,0.915166294
946794,-0.312543299
948852,0.939134538
947761,1.276612096
947685,-0.704569468
947226,0.03617514
2847776,-0.223145489
947724,-0.150213292
2847727,0.263465219
947300,-0.007317743
946947,-0.43172268
944902,0.510602624
947359,-0.146267163
948055,1.752454139
945458,0.238148145
944786,1.935519891
948577,-0.493758579
947034,-2.651438265
945105,-0.161324245
2847746,0.875950799
944927,1.024110469
946552,0.681928471
946726,-0.377620796
945823,-0.923738263
948914,-0.807856547
946355,0.025605091
947112,-0.769024431
945580,1.041696664
945984,-0.297716131
946747,-1.088938226
5625556,-0.162157673
948648,-2.527728676
947907,0.120634327
946822,0.207051596
947586,0.577854307
947270,0.734083247
944796,0.843310385
946598,0.639482771
947792,2.460075712
947340,-0.654014991
945879,-1.274635515
947311,-0.160792659
948942,1.570088736
945282,0.893399213
945501,-0.614964441
946966,-1.031422269
948325,0.931777658
945782,-0.445264216
948134,-1.282517364
948243,-0.735922376
946563,-2.092608885
946381,1.403502201
944961,-1.019395169
945478,-2.227461557
947620,-0.147110805
947693,0.985695053
945690,-0.263510335
948276,0.442039379
945738,0.314391621
949104,0.388363835
949012,0.365019847
948252,-0.898979843
948754,-0.563895213
949129,-0.709988924
948741,-0.074996108
945519,-0.947082792
948860,0.000375809
945176,-1.524957401
2847719,0.098351647
947809,-1.526607821
946044,-1.325270582
944930,0.603359481
944919,-0.097514456
945913,-0.136624135
945127,0.922707019
4056039,-1.234566191
946773,-0.699677075
948636,-1.486378811
1450269,-0.791825104
945011,-1.129725738
946423,0.53605095
947263,-0.759523849
945079,0.765859824
944789,-0.664138927
947708,-0.152972835
948653,0.010501745
946714,0.623558264
948034,-1.875256079
947249,-0.247757246
946323,0.922026039
945757,-0.081230333
948721,1.298436002
947911,-0.864032498
947520,-0.375373013
946284,-1.175664469
948221,1.685581536
945059,1.237048512
947696,-0.79910071
945248,0.100580193
948583,-0.25216317
8764970,-0.801937996
949089,0.935022495
947699,0.893146357
948398,-1.076208306
2847750,-0.857025979
945692,-0.881735425
946904,0.218534467
945098,-0.594169279
946881,0.285145022
945822,-0.442872233
948191,0.14713775
945544,0.576178448
947052,-0.638287615
948255,-0.248209386
945369,1.088350412
945724,-1.3906461
947462,0.624909587
945551,0.487331823
946510,-1.324697846
946584,0.547276865
945986,-1.218847595
948342,-0.158473127
946827,1.148758155
1450282,0.020878593
947799,0.765553667
946619,-0.655065344
946866,0.148163556
945819,0.315455608
946844,-0.229732553
947028,0.009952137
945700,-0.229641657
948015,-1.442668213
948159,-0.565020557
948925,0.489069507
946001,-0.094022605
947099,-0.481911966
947854,0.575165923
948021,0.027293206
947428,0.715139859
947403,-1.067220935
946245,0.74303783
947566,0.597020267
946894,0.262509863
945482,-0.553314045
947980,2.280705802
945684,0.554928567
947676,0.450559276
948880,0.112322658
948423,-0.509939474
947305,0.231207759
946800,-0.704146005
947113,-0.512594493
946371,0.414682306
946984,1.147191242
945407,0.383599465
947697,-0.429882012
947587,0.390559412
947328,0.099417316
5061513,-0.526063455
946309,-0.389963393
944964,1.630382239
948087,-0.011427719
948835,0.319725376
946045,1.96967879
948127,-0.598462507
948516,0.445098842
947416,-0.758740808
945050,0.695024075
948950,-0.479832711
945488,1.193339334
945426,0.289720588
947343,-0.795571498
947383,-0.143370347
948383,-0.226209409
946271,0.471067816
945622,0.928878437
947935,-1.587517118
945941,0.871638735
948337,0.884718782
947769,-0.121717965
946892,2.607474665
948783,-0.345944055
944967,-1.222846029
948254,-1.446618127
945579,-0.130672743
947151,1.016973339
947196,0.834492758
944857,0.616934836
945694,-0.047608152
947617,0.311702073
946009,-0.30806143
947710,-0.280672426
946238,-0.23537159
945025,1.299123276
948296,0.195641298
2847679,0.97985755
945272,-0.721471834
948874,0.445206426
946749,-1.411098404
948283,0.960651114
946557,-1.716556991
945022,0.082341507
946292,-0.466640358
946916,-0.438481891
948192,-1.076021545
945698,0.817540989
948256,-0.10709997
945107,1.693798565
947856,1.103182406
947847,0.019165752
1450298,-0.461555455
947591,0.427239017
945635,1.216765335
948066,0.483525217
945729,1.080196827
946020,-0.677378522
2847710,0.267806926
946162,0.893414285
946586,1.039398118
947153,-0.683186352
947233,-1.216981955
947040,1.898780421
946661,0.450404212
4056038,0.359661513
949057,-0.028137852
946462,-0.884925742
946730,-1.333528978
948566,0.126616555
949122,0.454689244
945308,-0.916901402
945786,-0.620457566
946931,1.207665566
944830,-0.412451988
945847,-0.978026539
946391,-0.254628218
948679,-1.349392823
945346,-0.81020187
945466,2.015899028
945881,-0.381056036
945792,-0.473130665
945341,0.7355661
948488,-0.505643562
945309,-0.536015302
947601,-1.181642888
947144,0.124965752
947789,0.165455323
947205,-0.139539099
949001,1.310616284
5625562,-0.614221567
947140,0.448868443
945117,0.231489493
948654,0.620670839
946877,-1.561474967
946956,-0.664415629
948069,1.206361086
948412,-1.076436744
946921,0.3385759
948898,0.757245194
946695,-1.130288284
945824,-0.429250343
946940,1.05543342
947558,0.575734211
947574,-1.044979639
945160,1.581101926
945733,-0.729354787
946878,-0.143168656
948080,-2.430594176
944760,-0.737405071
948081,1.370610577
946010,0.396201554
945322,-1.729539157
948623,-0.368102926
7751620,-0.213033196
944950,0.005229941
948533,0.081792344
948958,-0.662628446
947795,0.988884659
949090,-1.108842439
948460,0.765913982
945076,0.287307159
947675,-0.667989727
948169,-1.555373393
944912,-0.227252467
949083,0.866206705
947088,1.768944657
949066,-0.350776652
948902,-0.976712803
945484,0.645397666
946449,-1.9965164
945318,1.940475829
947484,-0.132279892
945649,0.064110272
947965,-0.38602863
948304,0.459536206
947410,0.836825303
948222,-2.433771588
948452,-0.473145127
947539,1.74167242
945962,0.047055549
948621,0.772321937
947589,0.89812331
947187,-0.359213504
945196,0.248127558
1450271,-0.886587509
947862,-0.138820963
946193,1.893997702
945909,0.623706531
947577,0.014314217
945915,-1.049557957
945133,1.631522368
5061500,1.457510633
945452,-0.848592532
946059,-0.6864735
947215,0.354325211
947325,0.449578569
948031,-0.470816912
948378,-1.263421516
946981,-0.477787386
947901,-0.713176884
947643,-0.94659156
948177,0.095699887
945598,-0.937639709
945017,0.535311448
947408,0.775083384
947442,-0.420973869
7751616,-0.685650192
944977,0.725482618
945872,1.487290996
945347,-0.208087267
948690,1.402867614
945664,0.752488663
948502,-0.482354799
948434,-0.083781598
947455,0.677986005
946175,-1.515921254
948418,-1.208541095
946667,0.189576385
948576,0.53007244
7751618,1.657200514
946287,0.878792149
947607,-0.201834086
946543,0.46129615
947637,-0.592388004
948813,-0.185789735
946531,0.416121859
945766,-0.36031216
947766,1.034244107
945069,1.588954697
947495,-1.557663161
947314,0.104358963
947842,0.154047465
945828,-0.327282468
946718,0.654506918
2847762,-0.194616112
945207,1.454982193
946457,-1.11608984
946707,-0.753705469
947538,-1.737312441
948183,-1.614753313
946830,-0.561492554
947472,-0.245871863
948996,-0.34249547
945093,0.857981386
945073,-0.59781766
947780,-0.412104031
2847691,-0.903814361
945489,0.021689481
946961,-1.013839313
946079,0.423882044
946359,-0.752476803
944994,2.008505763
948106,0.819696806
946713,-1.140631053
948074,0.802655321
948953,-0.202457975
945320,-1.101818568
947350,-0.219824935
947936,-0.211894859
947223,-2.456869426
945366,-0.232994176
945398,-0.871119315
947111,-0.771563057
945134,-0.999239564
948156,1.259538863
945195,-1.454162351
945745,-1.063189201
948277,-0.667006794
945012,2.721365112
948527,-0.274218233
948306,1.335576152
945720,0.307198585
947042,0.184753986
947106,-0.281068911
945985,-1.289800934
947908,0.680675402
945797,-0.654026403
947283,-2.193054248
944780,-2.067266664
945665,0.699287722
947662,-0.449438947
945338,-0.361737398
948542,0.061552776
945521,-0.494958733
945727,0.780735521
948913,0.475763228
948104,-0.110879284
948343,-1.271539985
948546,-1.242953059
945126,0.173950269
946106,-1.191258131
947496,-0.578747736
946536,-1.229325728
948049,0.917582902
947931,1.617687855
948900,-2.023795359
948991,-0.247505047
945340,0.915099437
945505,-1.627361689
944966,-1.103046397
947183,-0.524222107
947979,0.07205144
946109,-2.351073467
946048,-0.653920849
947584,0.406173305
946075,-0.612553021
947748,-0.35519572
948537,-1.004251324
946618,-0.427647157
945253,-2.323605011
948528,-0.690517141
946083,-0.425754375
949112,-1.048286575
1450308,0.699980727
944909,0.74077837
947998,-0.087791219
944940,0.697023828
948307,-0.001560243
2847721,0.061560678
945228,0.957575573
946105,2.056504138
944758,0.489946393
948605,0.946177501
948214,-0.022691788
948567,1.45329873
947020,0.275095212
946539,0.665340719
949075,-0.973448854
948837,0.614234617
948847,-0.097550642
2847745,0.778329228
948426,-0.209210364
949131,0.28762769
947682,-1.063787623
947872,1.017742784
945361,1.585457975
947890,-1.680323666
946488,1.066511416
945833,0.790200159
946404,-1.420462453
945571,0.76350467
949118,-0.012010311
946017,0.295763524
945713,1.102248361
947762,1.35567151
948489,2.133550552
945788,0.47294865
945384,1.227290406
945753,1.344605943
948241,1.317781224
948259,0.192186913
946856,0.425421697
945685,-0.812687533
948753,0.477890024
947950,1.558369691
945292,-1.125996888
949050,0.234922313
947614,-1.372216383
948051,-0.273560488
945349,-0.347149615
946973,0.228133832
947771,0.870426677
947426,1.65545338
946819,-0.170942096
947630,-1.053950997
946597,-1.009814278
947480,0.330502013
944885,0.67056317
946443,-0.35718331
946797,0.963580379
945614,1.254396539
949095,1.835128267
947180,0.12702099
949123,-0.308443686
947243,-1.687486808
948446,-0.748813633
948362,2.108532597
946888,-2.179503545
945351,0.275848811
946975,1.020376714
944777,-1.143263862
945499,-0.935538883
946086,1.394710783
945314,0.54713066
948151,1.504438623
946024,-0.966584821
946027,0.002744619
945644,-0.056291144
948611,-0.081875589
948876,0.085193778
946943,1.541442706
948436,0.885554563
945009,-0.156590964
949127,-0.873302622
948044,0.129780933
948864,0.271887704
945971,0.244504948
946289,-1.306363255
14678511,-0.959193453
948171,1.971020181
2847764,-0.99118919
947095,0.832084086
948988,-0.810320585
948686,-0.264114538
946253,-1.684381283
946867,-2.34429691
944820,0.321912999
946394,0.78143936
945212,0.90021078
2847708,-1.04352383
946290,-1.255956584
947534,0.503867318
946701,0.655093416
946810,-0.42786092
948335,0.901875893
944846,-0.124694083
947948,-0.47686458
948293,-0.578575013
947131,0.333086997
946649,-0.190628763
945966,2.823574779
947899,-0.592555057
945611,-1.074155254
946679,-0.840345813
948140,1.495633853
945991,0.011433669
5625561,0.797847955
948585,1.259976493
2847673,-1.421708313
946519,-0.990853138
946995,-0.570333324
945961,-0.570745361
945658,0.734149526
945040,-0.519868953
5625574,0.583277254
945218,-1.341145366
944936,0.574694045
945051,0.215787943
946478,-1.133982834
947047,0.434787654
2847702,-1.091590223
7751615,0.647975707
945390,1.749196557
947734,2.030776946
947364,-0.268687137
946739,1.036335186
948079,-0.190173637
948388,1.256640612
948374,0.823515957
946382,-1.15912495
946311,-1.144296475
946595,-0.722897046
948897,-1.926565335
1450295,-0.286452195
945634,0.656390604
946533,-2.462807493
5061525,-0.901500688
946014,-0.594433378
4056025,-1.142470939
949011,1.065612582
946293,0.221765551
945496,-1.207668369
1450310,1.672628539
945530,1.078329383
944751,1.036819864
945041,-0.051111224
946410,0.189180026
949004,-0.119783538
947859,-0.954162212
946316,0.848965408
5625558,-0.38982435
945769,1.514968332
944916,-1.548082885
945027,-1.448206326
945296,1.427269022
945877,0.16842764
5061510,-0.845330248
947470,1.069397817
947605,0.15653489
947546,-0.042523777
948135,-1.233277241
947800,1.471070728
948119,1.200482692
945075,-0.630173055
944866,0.321808037
948336,-0.706790228
945754,0.763537697
945953,-0.53527166
945043,-0.364923098
946331,-0.977986098
948219,0.319504711
945723,1.10767322
946126,-0.966481186
945371,-0.315886553
945367,-0.38239129
946095,0.658086059
946482,-1.511468869
945150,-1.159602034
948569,-0.703548282
948536,1.279018981
947498,-0.58671069
947031,-0.199691576
947391,0.709638115
945399,0.039893222
947216,0.123937707
946736,1.209737813
946179,-0.123834841
947555,0.361625327
5625555,-0.703285335
948911,-0.747253013
947749,-0.010633997
2847726,0.921986734
947845,0.143494957
947136,0.46391424
947149,0.740114709
945376,0.352939386
7751646,-1.216269572
946709,-0.378927557
945667,0.534288663
946997,0.819413251
948777,-1.283514976
2847763,-0.582597341
945687,-0.655112865
946740,1.152421612
945749,-0.412729915
946458,0.551295644
945387,-2.023082688
946600,-0.864523499
945238,0.054401321
2847765,1.253744271
946356,2.826697256
947593,-0.783926622
948919,-0.916345066
947897,0.445752801
946957,0.848029703
948798,-1.201487315
947954,-0.75123021
948581,0.954536802
947813,2.109538007
945779,1.98014244
948722,-1.300763953
2847753,-0.017134328
948319,-1.045493676
949069,0.457531383
947663,-0.950821338
949002,-0.220435892
945522,-0.017189465
944989,0.294725723
945404,-0.691389643
946118,-0.220230612
948727,-0.19198328
946501,0.856840872
947621,0.161414256
7751628,1.544074037
945947,-0.991743699
947746,0.460860909
948411,-1.50496668
948013,1.224276793
944965,-0.806191103
945992,-1.309469334
947923,-1.835462438
945442,0.995682592
945904,0.239460967
947858,0.111273734
948100,-0.133854147
945980,-0.171456149
947514,1.521585507
948704,0.190717432
945646,-0.646945212
946012,1.168080589
948064,-0.25043978
945198,0.356428281
945868,1.641406552
947609,-0.108433586
945758,0.695299255
948496,-0.496507489
945121,0.660262517
946516,0.332772466
948178,1.244627737
945114,-1.40422642
946698,-0.260889914
949037,-1.064609352
946489,0.948173327
947687,1.280421001
948168,0.471318376
947297,-1.221380039
946578,0.624464474
947185,-1.684368764
945289,-0.439012939
946214,0.61042838
945555,-0.892864746
946922,0.036218172
945412,0.162274918
945844,0.082940695
945968,-0.561098478
945124,0.083003553
945605,0.438315108
948175,1.566873337
948883,-1.907617759
946601,0.160712002
945262,0.705749111
946876,-0.564201275
945901,-0.249733657
947894,-0.189677152
947435,0.554881341
948112,-0.877510232
948348,1.173969592
946070,0.384100973
949005,1.139538496
946152,0.624843298
1450279,-0.332193663
948896,-0.520513901
2847704,-0.686990371
944863,0.797480211
947569,0.761381927
949128,0.733504244
946491,0.683965448
947916,-0.450108808
946580,-0.311406687
948625,-0.048825327
946692,0.087992149
946454,0.981588351
945777,-0.959540342
948148,0.999626751
947963,-0.252883837
945743,-1.955833764
945278,-0.49542491
944914,0.730217295
946980,2.491299667
948379,1.003271095
947466,0.387270094
945741,-1.294268434
948643,0.347539199
949048,1.229638721
945136,-0.376218311
947158,0.797935726
948725,0.68833582
947726,-0.547967418
948373,1.850582143
948305,-0.141299319
946554,0.809645233
945967,-0.221292968
945370,-0.498491143
946329,1.629271037
948483,0.156616443
948116,1.009082582
946631,1.04797641
944889,0.467452156
945682,0.291168483
947678,0.357669228
947507,-0.068006996
946448,-0.248977359
946734,-0.7535187
947076,-1.858161431
945038,0.246356942
949034,0.209182468
946036,0.704481851
946073,0.569869969
947922,0.496431054
947735,0.043445256
946885,0.592357812
946049,-2.022644097
948466,-0.602040767
948573,-0.33876243
947674,-0.807803775
948626,-0.579928698
948832,1.350796514
947793,-1.128415846
944925,0.470537615
946583,-0.87449956
948691,0.656502359
1450245,1.225761247
945948,-0.482607334
947390,1.086316673
946781,1.262156279
946632,2.33979325
945216,0.272100622
946686,2.948852917
948999,-0.296711117
947738,0.148368148
946038,-0.748726148
948840,2.096684411
948597,0.385160044
948530,1.172325612
947019,0.104261849
945026,-1.170020319
947563,-1.149401792
945002,0.033818884
946532,-0.036446744
944808,-1.230808385
947487,-0.345278333
945378,0.339181726
946664,-0.628779412
946495,1.048215486
946507,0.748231893
944921,0.217629173
945756,0.95161797
946744,-0.462370906
945220,1.311916955
945328,2.177386957
947446,-0.397736466
945905,2.211480939
948422,0.319670095
946917,0.499060037
947838,0.077116204
946019,0.113109052
945201,-0.790035534
946453,0.771901002
946149,-1.304746519
944954,0.472745401
948068,-0.607300781
945383,-0.617470796
946517,1.405809337
948707,0.419230081
948403,-1.358706652
948523,0.872169159
946626,-0.300928647
945065,-0.718342635
946678,-0.672684017
948237,0.097313301
947171,-0.517241265
948792,-0.445721249
948729,-0.202770851
1450286,0.272352956
948327,0.711111578
1450240,-2.95363731
948297,-1.480826122
945518,-0.104945629
946414,-0.696046916
947054,0.399895212
944984,-0.346918064
948612,-0.289243101
945352,-0.413018711
947353,0.925728279
945155,0.001319194
944957,0.682598203
948863,0.6795417
946249,0.423278276
945636,0.218865056
948677,-1.779764662
1450232,0.144020895
947266,-0.125870018
946353,-0.00518647
948853,-0.22920565
949077,0.782659801
945194,0.670196224
7751635,-0.016100515
945538,-0.35439813
947259,-0.340242631
945380,-0.774730467
5061515,-2.011001295
945428,-0.317521981
947274,-0.577684355
947361,0.410873457
947485,0.164266034
946172,1.471370295
945573,-0.716981488
948703,0.823647001
948830,-0.07089023
948043,-0.414095319
946339,1.149618946
948299,-0.387438384
948819,1.571345426
945408,-0.67877567
945461,0.731612473
947303,-1.935345626
945231,-1.25924519
948424,-0.702252098
946912,-1.63474621
947997,2.297130631
944740,-0.131805213
947532,-1.495886747
948318,-1.843134778
945479,0.039081687
945920,0.574446118
945148,-0.12797726
947087,-0.258972931
945578,2.141651724
948012,-0.392876379
944993,-0.637996197
948207,0.511021275
946210,0.305605195
948607,0.513859229
948659,-0.453804283
945535,0.413418541
945111,-0.777781271
947203,-0.358621101
945588,0.179322778
944880,0.476018076
947298,1.384456996
944854,1.970317014
946269,-0.569363147
946195,-0.666409414
946184,-1.003837929
946420,0.126041445
946774,-0.68415436
945952,0.562110681
2847674,-0.539454231
946759,-0.530592594
945999,-0.258814942
947172,-0.130640111
948889,1.69921437
948817,1.087321257
946670,0.840120048
946103,0.200585067
946117,-0.152456914
947288,0.415513226
947192,1.354010456
948356,-0.222124802
949103,0.794200146
947306,0.062734383
948153,0.595568416
946814,0.282737516
945140,-0.578581361
945240,0.453948361
945339,-1.934189758
947348,0.326720843
946588,0.148930253
946925,0.240437322
946992,-0.298010214
946040,0.874165098
946988,-0.845430207
947138,0.426793115
945401,-0.650559274
947691,-0.537790327
948349,1.246098162
946141,0.073839817
948313,0.504465139
947664,-0.461848464
947529,0.169181638
947313,-0.38648954
1450236,1.923760316
945254,0.341415984
946383,-0.674280987
947612,-0.383841938
945353,-0.981464528
946063,-1.175393136
947425,-1.573238786
948435,-1.570538036
948579,-0.348813705
948990,-1.579452299
946398,-0.794562222
948779,-1.243836791
944788,2.101451729
945774,0.313658859
946611,1.187737709
946538,1.442934664
1450290,2.354422442
946634,-0.546543225
1450249,-0.983634527
947628,-0.11790221
946620,-0.915315192
947228,-1.334004253
947477,-0.546092928
945656,-0.754632343
947033,-1.155991807
949084,-0.326899399
948793,1.47955823
949092,-1.831313691
946224,-2.468406774
947552,-0.881013379
948630,-0.299310317
945914,-0.367142838
946101,-0.66110281
945994,-1.428049837
945310,-0.149525909
946261,0.586664062
947101,-1.547452071
945750,2.190557771
946306,-2.451482161
944872,0.926295027
946909,1.611833928
948875,0.109065701
946163,0.149366604
946857,0.356502885
945523,-1.278271266
947001,1.26101832
946677,-0.119088244
948430,0.250603577
944938,-0.323695212
946648,0.682046487
947344,-0.027338871
946666,1.104614715
944879,-0.251693623
946565,0.259513907
1450301,1.295073127
946262,0.191523723
948724,0.064242739
945771,0.003949847
947399,0.014394419
948328,-0.578419735
5061506,-1.323977185
946030,-0.393711619
947819,2.212057413
945236,-0.631553032
947961,0.538140975
946315,-0.294823504
945460,-1.801430697
945710,0.284889466
946960,2.567560785
946607,-1.556941835
948467,-1.30754148
945492,0.552940598
947014,0.161593678
945394,-0.614120751
947029,1.225911104
945447,0.907586148
949054,0.791115475
945526,1.735256231
945004,-0.707973468
945357,-0.339686254
947927,-0.1167104
948321,1.199914988
945008,-0.432357526
946319,-0.602572114
945162,-0.138788332
945485,-1.307583178
946265,0.833525126
945266,0.484952396
947037,-0.210320865
945939,0.455208648
948580,-0.839439492
947849,1.200681512
945942,-0.319602486
947608,-0.206377947
945854,-0.448367895
945977,0.613694482
948922,1.061854009
948992,-0.429510212
947402,0.37270819
947475,-0.302208565
946176,0.114221222
947323,0.754728259
946441,-0.643701629
944952,0.836765567
945978,-0.850366557
947090,0.610488073
946374,1.280712185
946390,-0.253348108
948869,-0.195712404
944946,0.009605063
948211,0.384124154
944853,0.037178761
948809,-0.887677625
948843,-0.357041809
944850,1.502263114
946130,-0.273439472
946434,-0.524854195
947582,-0.129183481
946970,-0.457980374
946100,0.276666769
945697,0.012342402
948341,-0.447112095
948408,0.165648786
948632,-1.650912141
4056042,-1.475064963
945921,-0.138030229
946336,-0.729274432
945671,0.61056765
946463,0.885668783
948968,0.121947049
946843,-0.406157547
947727,1.774932268
944773,-0.598954933
948977,0.850183999
945563,-0.470523474
948742,-0.482607894
945924,0.318563294
948957,-0.219235856
946778,1.134484835
947331,0.700046292
2847759,-0.469672857
947315,0.095265154
944996,1.013170788
946989,0.456663598
945632,0.416829337
946728,0.23617747
946367,-1.198163161
944955,-0.253481001
947230,0.235509105
947190,-0.13296078
949040,1.070512602
946351,-1.308867229
946461,0.748760883
944990,0.177118003
5061505,0.216056193
945957,-0.260256643
5625559,0.426890126
4056035,-0.545165056
947081,-0.767393603
945431,-1.085694965
948532,-1.053336349
945161,0.386760471
946779,-0.074713011
944969,0.347410631
948249,1.671372573
947261,-0.233130892
945355,-1.294973625
5625563,0.944948184
947802,0.435995227
945817,1.45243956
946007,-1.159849037
948016,-0.697616743
944843,1.254367689
948477,0.01607587
947783,-1.362832165
945418,-1.695848217
946347,0.22567594
946166,0.520617543
947327,0.431576979
948794,-0.451726567
944785,1.137841032
946432,0.334693446
947778,-0.59951256
944986,-0.236623267
947753,-0.665844329
947703,0.343140381
2847749,-0.262997226
946128,1.001986977
947016,-0.60816154
944956,0.046179919
947755,1.720676959
945640,0.004409094
948881,2.237614951
945057,1.147096667
1450233,-0.984972717
948060,-0.51816478
948512,-1.107204928
947542,-2.566534209
946408,-1.576584332
945965,0.728351928
948351,0.711178718
948571,1.653444849
947932,0.575417014
946569,-0.349029406
948157,0.244805168
945613,1.781231795
948578,-0.051613285
945229,0.462507933
946986,-0.993825772
945183,2.239197344
946911,-1.286501868
945554,0.068481448
944976,-1.266178272
948212,-0.284201646
947122,-0.537259157
946002,-0.489977644
945301,-0.22664406
947418,-0.407147683
947953,-1.280559259
947776,-0.982444238
948834,0.666498177
948556,1.348933454
947700,0.451811811
7751644,-0.016319391
944941,-1.09772533
949017,-1.366864664
945237,1.848653514
945806,0.619189652
946530,1.280998306
946860,-1.368872004
945647,-0.952070047
946561,-0.413948745
946077,-0.939124277
945650,-1.17054171
945172,-0.360465268
945843,0.165644378
948520,-1.077733531
948937,0.649732296
947717,-0.819151878
5061499,2.36221089
945562,0.117007616
945173,-2.103585958
948323,0.972800239
945619,-1.88260251
947661,-1.851350268
945013,-0.151786054
948966,0.051641129
946963,-0.071311596
946190,-1.199257182
945213,-0.136755884
947302,-1.054957433
946771,-0.980336968
948661,-1.703816376
947929,0.789480738
945060,-1.331104981
945486,-0.32446604
947438,-0.870192863
946169,-0.434506587
948354,1.140415265
948113,1.647867446
946127,0.642357644
945810,0.607698486
2847737,1.61316942
944792,-0.194305935
945892,-0.6678954
946279,-1.363150732
5061522,-1.043622485
948831,0.939442766
945457,2.242741187
944905,-1.818892707
945527,-0.329167632
946352,-0.105555727
946972,0.156613786
946043,-1.021459765
946385,1.118718108
947417,2.033864005
947000,-0.486885748
947526,1.428090408
947321,-1.193056102
948476,0.143995113
945668,1.454804273
948681,0.903418393
944822,-0.447738419
945422,0.090128898
944855,-0.480831727
947492,-1.112614284
949032,-0.743470083
948402,0.945683136
945993,-0.108191834
945722,-1.102041537
946612,1.736895153
947378,-0.515870936
948262,-0.997651591
946264,0.074730701
947393,1.620414697
948797,-0.251943524
945491,0.510536137
947513,0.210824065
946831,-0.301929522
946487,-1.981739218
948629,-0.727592887
946641,-0.744645621
2847751,0.833022579
945938,0.81307504
946990,-0.13477502
948723,-0.80089421
948640,0.815969258
945265,-0.606701892
945837,-1.124111117
945001,0.745688536
947134,-0.526479284
945360,-0.628201875
948627,0.851226518
946247,-0.550654648
948011,0.47778056
944752,-1.265822132
946313,1.339963157
945165,-0.710308492
944926,1.864081668
8764969,-0.542522369
947059,-0.261181165
945841,0.842014985
945303,1.863170715
948162,-1.565767825
946633,0.621168203
946180,-0.851219677
947723,1.557799068
948367,0.231671897
948815,0.649585427
948859,1.323246644
946357,-0.072958857
945402,1.391333692
947815,-0.272816376
949060,0.282463333
946304,0.272638281
945876,-0.137458975
946428,0.693489739
948216,1.497124433
947208,0.561255439
945663,0.901967615
947745,0.07778944
948765,-0.106838347
947404,-0.568735253
949007,0.61167376
946194,-1.232416389
947116,-1.12781653
945666,2.10347418
948506,-0.748570729
945639,-2.719359512
946570,-0.512913697
945679,0.635854204
946644,-1.388672871
946395,-1.052212053
946675,0.599617167
945856,1.189438659
947084,0.382120312
2847730,-0.529500481
946456,-1.178537516
945203,0.680550674
945274,-2.068831088
946900,0.671933688
948665,-0.064429046
5625557,-0.727559825
946585,-1.03964163
947986,0.133785963
948505,1.011167591
944980,0.85644462
948768,0.289446645
946425,-3.458232679
947818,-1.716186872
947304,-0.56448397
948904,-0.984676102
947152,-0.126877266
947219,0.324284961
948090,0.340993313
948933,0.120995641
948587,0.616673014
947352,0.221303804
945760,-0.11743281
945209,1.36213334
947392,-1.30244165
947482,-0.170466458
947419,0.254369272
947846,0.370372364
947253,-0.787858983
946616,-0.46039498
948365,-0.403548589
945969,0.236060355
1450274,0.921575716
948227,0.60941176
944887,-1.276807758
944923,-0.257175589
948959,1.511820778
947282,0.049762502
948382,1.443217407
945683,0.443643407
945944,0.679428403
948861,-0.258345218
945184,0.304360333
947056,-0.408935019
945464,-0.497199427
948050,0.738665218
947049,0.00234452
948360,-0.456023517
945949,-0.161438818
945235,0.894459449
945067,-1.153863768
944901,-0.752629135
945280,0.908036116
946388,-1.359639327
949042,0.50146301
946824,1.633323132
945807,-1.283222819
947476,-0.08631932
944861,-0.050109971
945285,-0.525326004
948298,2.690167992
948372,0.949966387
948234,-0.243549589
949109,0.118000054
948693,0.81523111
946680,0.402822161
7751619,1.394847972
948072,0.289350789
947421,-1.236182039
945677,0.223100959
946361,1.502829647
947242,0.716443565
944971,1.697924858
948732,-0.619807814
947554,-0.370285133
945718,-0.77732545
946906,0.803073334
948552,1.30625939
945435,-0.847912797
2847697,-0.590776502
946207,-1.115867092
944791,0.18670701
946893,0.479669763
944988,0.093046442
946208,0.635077531
944948,1.142458488
948521,0.144333934
947457,1.532794552
947616,0.606081758
945245,0.055925215
945716,1.112201482
945950,-1.567838244
947093,1.168556979
948037,1.626486634
947774,0.24623962
947543,0.236592924
949041,-0.317201659
946808,0.332576372
947560,0.274148637
945141,0.029732051
945453,0.383254499
945307,0.573289977
946568,0.088239165
945132,0.213412494
948564,0.556001384
944839,0.059756786
944875,-0.602266854
944877,-1.889020979
945612,-1.546353542
946847,0.541294802
947366,-0.013697747
2847669,-0.417687954
948409,0.286169001
945755,-3.349437726
946553,-0.23162958
945029,-1.891184132
5061529,1.102177222
948161,-0.181677467
946091,-0.275770675
947130,-0.021954961
947070,1.065473461
945295,0.284046707
944864,1.405350566
944851,0.033561349
947828,-0.248776699
945818,0.385890215
947618,0.307606273
947602,-2.317127019
948596,1.239277687
2847720,-0.429672239
947295,0.225138511
948899,0.763339186
945831,0.06504729
947024,-0.740510176
947292,1.023969231
948800,0.936333898
948868,-0.32080936
945306,0.327761687
948986,-0.94065831
946435,-2.069055601
2847705,-1.71395475
946085,-0.786286352
947754,0.397533755
946303,-0.016994425
948357,1.083978657
946246,-0.342485015
945110,0.15009179
949113,-1.138034887
946366,0.850634279
947597,-0.951193125
946691,-0.476776882
945925,-0.405950161
944933,-1.73018397
948935,0.673194158
946777,0.007480096
948158,0.735466772
948759,0.009920589
948471,-0.987123836
947868,-0.857302048
948572,0.904563411
945084,0.815900803
947711,-1.15432667
945654,0.415697841
946436,-1.019979717
948828,0.2821374
946535,0.193090595
948747,-1.096752585
949072,0.939296108
948272,-0.574537966
947278,-0.179863796
945814,-0.692522377
948547,0.515023868
949027,1.285753729
947264,0.870630879
945582,-0.887708619
948610,-0.739340878
946890,0.242194202
946653,0.085153115
945642,1.62791592
948557,-0.624703678
946765,-0.642508051
945737,0.866390182
945381,1.638661205
946242,0.466607324
945520,-0.909323401
2847714,-0.847398072
946805,-0.710681933
946775,-1.131206934
945167,-0.127204685
945794,0.470435838
947757,0.39885283
945159,-0.845050115
945937,0.919775595
945451,-1.475194769
945802,2.062611239
945359,0.310793794
947588,-1.200384827
947977,-0.531688681
947807,-0.725183583
946466,-0.371342408
947008,0.854645069
945414,-1.010559126
947841,-2.178676604
946415,-1.168180796
946551,0.334437694
945503,-1.464626794
947405,-0.780524115
945903,0.073655649
944867,0.627872516
948593,-1.221651235
946958,0.522909798
945415,1.075624794
946655,0.992777859
948973,0.389651672
945927,0.463173999
945672,-1.2826342
948322,-0.381499511
947009,1.259732323
946196,-0.290366485
945305,0.21583304
5625580,-0.650518452
945103,-0.319795853
944958,0.575843062
948196,-0.350656516
945494,-1.903139731
948366,-0.017950099
946942,0.249272193
948316,-0.900561045
944983,-0.064455079
947919,0.69341061
947820,-0.97635649
946129,1.498087284
948329,0.079541081
945454,1.866022642
947202,0.34686491
947490,-0.028025426
948487,-1.161555681
947875,0.13258769
946934,0.351825223
945591,-1.18307693
945221,-0.044950465
946433,1.197532807
946687,-0.072941762
949073,-0.408560637
948559,0.211559473
946412,-3.080042596
947592,0.469245106
946784,0.130643169
948250,-1.254927963
945261,-1.167961048
946791,2.146858015
947251,-0.548579151
947397,1.688373735
945131,-1.214893967
948891,-0.671443982
945553,0.064441235
945080,-0.850474601
946393,0.736814781
