-- MySQL dump 10.13  Distrib 5.5.44, for debian-linux-gnu (x86_64)
--
-- Host: localhost    Database: pathway
-- ------------------------------------------------------
-- Server version	5.5.44-0ubuntu0.12.04.1

/*!40101 SET @OLD_CHARACTER_SET_CLIENT=@@CHARACTER_SET_CLIENT */;
/*!40101 SET @OLD_CHARACTER_SET_RESULTS=@@CHARACTER_SET_RESULTS */;
/*!40101 SET @OLD_COLLATION_CONNECTION=@@COLLATION_CONNECTION */;
/*!40101 SET NAMES utf8 */;
/*!40103 SET @OLD_TIME_ZONE=@@TIME_ZONE */;
/*!40103 SET TIME_ZONE='+00:00' */;
/*!40014 SET @OLD_UNIQUE_CHECKS=@@UNIQUE_CHECKS, UNIQUE_CHECKS=0 */;
/*!40014 SET @OLD_FOREIGN_KEY_CHECKS=@@FOREIGN_KEY_CHECKS, FOREIGN_KEY_CHECKS=0 */;
/*!40101 SET @OLD_SQL_MODE=@@SQL_MODE, SQL_MODE='NO_AUTO_VALUE_ON_ZERO' */;
/*!40111 SET @OLD_SQL_NOTES=@@SQL_NOTES, SQL_NOTES=0 */;

--
-- Table structure for table `GageSpeceisGeneIdMatch`
--

DROP TABLE IF EXISTS `GageSpeceisGeneIdMatch`;
/*!40101 SET @saved_cs_client     = @@character_set_client */;
/*!40101 SET character_set_client = utf8 */;
CREATE TABLE `GageSpeceisGeneIdMatch` (
  `species_id` varchar(20) NOT NULL,
  `geneid` varchar(20) NOT NULL,
  `created_at` timestamp NOT NULL DEFAULT '0000-00-00 00:00:00',
  `updated_at` timestamp NOT NULL DEFAULT '0000-00-00 00:00:00',
  PRIMARY KEY (`species_id`,`geneid`),
  KEY `geneid` (`geneid`),
  CONSTRAINT `GageSpeceisGeneIdMatch_ibfk_1` FOREIGN KEY (`species_id`) REFERENCES `Species` (`species_id`),
  CONSTRAINT `GageSpeceisGeneIdMatch_ibfk_2` FOREIGN KEY (`geneid`) REFERENCES `GoGene` (`geneid`)
) ENGINE=InnoDB DEFAULT CHARSET=latin1;
/*!40101 SET character_set_client = @saved_cs_client */;

--
-- Dumping data for table `GageSpeceisGeneIdMatch`
--

LOCK TABLES `GageSpeceisGeneIdMatch` WRITE;
/*!40000 ALTER TABLE `GageSpeceisGeneIdMatch` DISABLE KEYS */;
INSERT INTO `GageSpeceisGeneIdMatch` VALUES ('aga','ACCNUM','2015-07-31 17:45:47','0000-00-00 00:00:00'),('aga','ENSEMBL','2015-07-31 17:45:47','0000-00-00 00:00:00'),('aga','ENSEMBLPROT','2015-07-31 17:45:47','0000-00-00 00:00:00'),('aga','ENSEMBLTRANS','2015-07-31 17:45:47','0000-00-00 00:00:00'),('aga','ENTREZ','2015-07-31 17:45:47','0000-00-00 00:00:00'),('aga','ENZYME','2015-07-31 17:45:47','0000-00-00 00:00:00'),('aga','GENENAME','2015-07-31 17:45:47','0000-00-00 00:00:00'),('aga','KEGG','2015-07-31 17:45:47','0000-00-00 00:00:00'),('aga','REFSEQ','2015-07-31 17:45:47','0000-00-00 00:00:00'),('aga','SYMBOL','2015-07-31 17:45:47','0000-00-00 00:00:00'),('aga','UNIGENE','2015-07-31 17:45:47','0000-00-00 00:00:00'),('aga','UNIPROT','2015-07-31 17:45:47','0000-00-00 00:00:00'),('ath','ENTREZ','2015-07-31 17:45:47','0000-00-00 00:00:00'),('ath','ENZYME','2015-07-31 17:45:47','0000-00-00 00:00:00'),('ath','GENENAME','2015-07-31 17:45:47','0000-00-00 00:00:00'),('ath','KEGG','2015-07-31 17:45:47','0000-00-00 00:00:00'),('ath','REFSEQ','2015-07-31 17:45:47','0000-00-00 00:00:00'),('ath','SYMBOL','2015-07-31 17:45:47','0000-00-00 00:00:00'),('ath','TAIR','2015-07-31 17:45:47','0000-00-00 00:00:00'),('bta','ACCNUM','2015-07-31 17:45:47','0000-00-00 00:00:00'),('bta','ENSEMBL','2015-07-31 17:45:47','0000-00-00 00:00:00'),('bta','ENSEMBLPROT','2015-07-31 17:45:47','0000-00-00 00:00:00'),('bta','ENSEMBLTRANS','2015-07-31 17:45:47','0000-00-00 00:00:00'),('bta','ENTREZ','2015-07-31 17:45:47','0000-00-00 00:00:00'),('bta','ENZYME','2015-07-31 17:45:47','0000-00-00 00:00:00'),('bta','GENENAME','2015-07-31 17:45:47','0000-00-00 00:00:00'),('bta','KEGG','2015-07-31 17:45:47','0000-00-00 00:00:00'),('bta','PROSITE','2015-07-31 17:45:47','0000-00-00 00:00:00'),('bta','REFSEQ','2015-07-31 17:45:47','0000-00-00 00:00:00'),('bta','SYMBOL','2015-07-31 17:45:47','0000-00-00 00:00:00'),('bta','UNIGENE','2015-07-31 17:45:47','0000-00-00 00:00:00'),('bta','UNIPROT','2015-07-31 17:45:47','0000-00-00 00:00:00'),('cel','ACCNUM','2015-07-31 17:45:47','0000-00-00 00:00:00'),('cel','ENSEMBL','2015-07-31 17:45:47','0000-00-00 00:00:00'),('cel','ENSEMBLPROT','2015-07-31 17:45:47','0000-00-00 00:00:00'),('cel','ENSEMBLTRANS','2015-07-31 17:45:47','0000-00-00 00:00:00'),('cel','ENTREZ','2015-07-31 17:45:47','0000-00-00 00:00:00'),('cel','ENZYME','2015-07-31 17:45:47','0000-00-00 00:00:00'),('cel','GENENAME','2015-07-31 17:45:47','0000-00-00 00:00:00'),('cel','KEGG','2015-07-31 17:45:47','0000-00-00 00:00:00'),('cel','REFSEQ','2015-07-31 17:45:47','0000-00-00 00:00:00'),('cel','SYMBOL','2015-07-31 17:45:47','0000-00-00 00:00:00'),('cel','UNIGENE','2015-07-31 17:45:47','0000-00-00 00:00:00'),('cel','UNIPROT','2015-07-31 17:45:47','0000-00-00 00:00:00'),('cfa','ACCNUM','2015-07-31 17:45:47','0000-00-00 00:00:00'),('cfa','ENSEMBL','2015-07-31 17:45:47','0000-00-00 00:00:00'),('cfa','ENSEMBLPROT','2015-07-31 17:45:47','0000-00-00 00:00:00'),('cfa','ENSEMBLTRANS','2015-07-31 17:45:47','0000-00-00 00:00:00'),('cfa','ENTREZ','2015-07-31 17:45:47','0000-00-00 00:00:00'),('cfa','ENZYME','2015-07-31 17:45:47','0000-00-00 00:00:00'),('cfa','GENENAME','2015-07-31 17:45:47','0000-00-00 00:00:00'),('cfa','KEGG','2015-07-31 17:45:47','0000-00-00 00:00:00'),('cfa','REFSEQ','2015-07-31 17:45:47','0000-00-00 00:00:00'),('cfa','SYMBOL','2015-07-31 17:45:47','0000-00-00 00:00:00'),('cfa','UNIGENE','2015-07-31 17:45:47','0000-00-00 00:00:00'),('cfa','UNIPROT','2015-07-31 17:45:47','0000-00-00 00:00:00'),('dme','ACCNUM','2015-07-31 17:45:47','0000-00-00 00:00:00'),('dme','ENSEMBL','2015-07-31 17:45:47','0000-00-00 00:00:00'),('dme','ENSEMBLPROT','2015-07-31 17:45:47','0000-00-00 00:00:00'),('dme','ENSEMBLTRANS','2015-07-31 17:45:47','0000-00-00 00:00:00'),('dme','ENTREZ','2015-07-31 17:45:47','0000-00-00 00:00:00'),('dme','ENZYME','2015-07-31 17:45:47','0000-00-00 00:00:00'),('dme','GENENAME','2015-07-31 17:45:47','0000-00-00 00:00:00'),('dme','KEGG','2015-07-31 17:45:47','0000-00-00 00:00:00'),('dme','REFSEQ','2015-07-31 17:45:47','0000-00-00 00:00:00'),('dme','SYMBOL','2015-07-31 17:45:47','0000-00-00 00:00:00'),('dme','UNIGENE','2015-07-31 17:45:47','0000-00-00 00:00:00'),('dme','UNIPROT','2015-07-31 17:45:47','0000-00-00 00:00:00'),('dre','ACCNUM','2015-07-31 17:45:47','0000-00-00 00:00:00'),('dre','ENSEMBL','2015-07-31 17:45:47','0000-00-00 00:00:00'),('dre','ENSEMBLPROT','2015-07-31 17:45:47','0000-00-00 00:00:00'),('dre','ENSEMBLTRANS','2015-07-31 17:45:47','0000-00-00 00:00:00'),('dre','ENTREZ','2015-07-31 17:45:47','0000-00-00 00:00:00'),('dre','ENZYME','2015-07-31 17:45:47','0000-00-00 00:00:00'),('dre','GENENAME','2015-07-31 17:45:47','0000-00-00 00:00:00'),('dre','KEGG','2015-07-31 17:45:47','0000-00-00 00:00:00'),('dre','PROSITE','2015-07-31 17:45:47','0000-00-00 00:00:00'),('dre','REFSEQ','2015-07-31 17:45:47','0000-00-00 00:00:00'),('dre','SYMBOL','2015-07-31 17:45:47','0000-00-00 00:00:00'),('dre','UNIGENE','2015-07-31 17:45:47','0000-00-00 00:00:00'),('dre','UNIPROT','2015-07-31 17:45:47','0000-00-00 00:00:00'),('eco','ACCNUM','2015-07-31 17:45:47','0000-00-00 00:00:00'),('eco','ENTREZ','2015-07-31 17:45:47','0000-00-00 00:00:00'),('eco','ENZYME','2015-07-31 17:45:47','0000-00-00 00:00:00'),('eco','GENENAME','2015-07-31 17:45:47','0000-00-00 00:00:00'),('eco','KEGG','2015-07-31 17:45:47','0000-00-00 00:00:00'),('eco','REFSEQ','2015-07-31 17:45:47','0000-00-00 00:00:00'),('eco','SYMBOL','2015-07-31 17:45:47','0000-00-00 00:00:00'),('ecs','ACCNUM','2015-07-31 17:45:47','0000-00-00 00:00:00'),('ecs','ENTREZ','2015-07-31 17:45:47','0000-00-00 00:00:00'),('ecs','ENZYME','2015-07-31 17:45:47','0000-00-00 00:00:00'),('ecs','GENENAME','2015-07-31 17:45:47','0000-00-00 00:00:00'),('ecs','KEGG','2015-07-31 17:45:47','0000-00-00 00:00:00'),('ecs','REFSEQ','2015-07-31 17:45:47','0000-00-00 00:00:00'),('ecs','SYMBOL','2015-07-31 17:45:47','0000-00-00 00:00:00'),('gga','ACCNUM','2015-07-31 17:45:47','0000-00-00 00:00:00'),('gga','ENSEMBL','2015-07-31 17:45:47','0000-00-00 00:00:00'),('gga','ENSEMBLPROT','2015-07-31 17:45:47','0000-00-00 00:00:00'),('gga','ENSEMBLTRANS','2015-07-31 17:45:47','0000-00-00 00:00:00'),('gga','ENTREZ','2015-07-31 17:45:47','0000-00-00 00:00:00'),('gga','ENZYME','2015-07-31 17:45:47','0000-00-00 00:00:00'),('gga','GENENAME','2015-07-31 17:45:47','0000-00-00 00:00:00'),('gga','KEGG','2015-07-31 17:45:47','0000-00-00 00:00:00'),('gga','PROSITE','2015-07-31 17:45:47','0000-00-00 00:00:00'),('gga','REFSEQ','2015-07-31 17:45:47','0000-00-00 00:00:00'),('gga','SYMBOL','2015-07-31 17:45:47','0000-00-00 00:00:00'),('gga','UNIGENE','2015-07-31 17:45:47','0000-00-00 00:00:00'),('gga','UNIPROT','2015-07-31 17:45:47','0000-00-00 00:00:00'),('hsa','ACCNUM','2015-07-31 17:45:47','0000-00-00 00:00:00'),('hsa','ENSEMBL','2015-07-31 17:45:47','0000-00-00 00:00:00'),('hsa','ENSEMBLPROT','2015-07-31 17:45:47','0000-00-00 00:00:00'),('hsa','ENSEMBLTRANS','2015-07-31 17:45:47','0000-00-00 00:00:00'),('hsa','ENTREZ','2015-07-31 17:45:47','0000-00-00 00:00:00'),('hsa','ENZYME','2015-07-31 17:45:47','0000-00-00 00:00:00'),('hsa','GENENAME','2015-07-31 17:45:47','0000-00-00 00:00:00'),('hsa','KEGG','2015-07-31 17:45:47','0000-00-00 00:00:00'),('hsa','PROSITE','2015-07-31 17:45:47','0000-00-00 00:00:00'),('hsa','REFSEQ','2015-07-31 17:45:47','0000-00-00 00:00:00'),('hsa','SYMBOL','2015-07-31 17:45:47','0000-00-00 00:00:00'),('hsa','UNIGENE','2015-07-31 17:45:47','0000-00-00 00:00:00'),('hsa','UNIPROT','2015-07-31 17:45:47','0000-00-00 00:00:00'),('mcc','ACCNUM','2015-07-31 17:45:47','0000-00-00 00:00:00'),('mcc','ENSEMBL','2015-07-31 17:45:47','0000-00-00 00:00:00'),('mcc','ENSEMBLPROT','2015-07-31 17:45:47','0000-00-00 00:00:00'),('mcc','ENSEMBLTRANS','2015-07-31 17:45:47','0000-00-00 00:00:00'),('mcc','ENTREZ','2015-07-31 17:45:47','0000-00-00 00:00:00'),('mcc','ENZYME','2015-07-31 17:45:47','0000-00-00 00:00:00'),('mcc','GENENAME','2015-07-31 17:45:47','0000-00-00 00:00:00'),('mcc','KEGG','2015-07-31 17:45:47','0000-00-00 00:00:00'),('mcc','REFSEQ','2015-07-31 17:45:47','0000-00-00 00:00:00'),('mcc','SYMBOL','2015-07-31 17:45:47','0000-00-00 00:00:00'),('mcc','UNIPROT','2015-07-31 17:45:47','0000-00-00 00:00:00'),('mmu','ACCNUM','2015-07-31 17:45:47','0000-00-00 00:00:00'),('mmu','ENSEMBL','2015-07-31 17:45:47','0000-00-00 00:00:00'),('mmu','ENSEMBLPROT','2015-07-31 17:45:47','0000-00-00 00:00:00'),('mmu','ENSEMBLTRANS','2015-07-31 17:45:47','0000-00-00 00:00:00'),('mmu','ENTREZ','2015-07-31 17:45:47','0000-00-00 00:00:00'),('mmu','ENZYME','2015-07-31 17:45:47','0000-00-00 00:00:00'),('mmu','GENENAME','2015-07-31 17:45:47','0000-00-00 00:00:00'),('mmu','KEGG','2015-07-31 17:45:47','0000-00-00 00:00:00'),('mmu','PROSITE','2015-07-31 17:45:47','0000-00-00 00:00:00'),('mmu','REFSEQ','2015-07-31 17:45:47','0000-00-00 00:00:00'),('mmu','SYMBOL','2015-07-31 17:45:47','0000-00-00 00:00:00'),('mmu','UNIGENE','2015-07-31 17:45:47','0000-00-00 00:00:00'),('mmu','UNIPROT','2015-07-31 17:45:47','0000-00-00 00:00:00'),('pfa','ENTREZ','2015-07-31 17:45:47','0000-00-00 00:00:00'),('pfa','ENZYME','2015-07-31 17:45:47','0000-00-00 00:00:00'),('pfa','GENENAME','2015-07-31 17:45:47','0000-00-00 00:00:00'),('pfa','KEGG','2015-07-31 17:45:47','0000-00-00 00:00:00'),('pfa','ORF','2015-07-31 17:45:47','0000-00-00 00:00:00'),('pfa','SYMBOL','2015-07-31 17:45:47','0000-00-00 00:00:00'),('ptr','ACCNUM','2015-07-31 17:45:47','0000-00-00 00:00:00'),('ptr','ENSEMBL','2015-07-31 17:45:47','0000-00-00 00:00:00'),('ptr','ENSEMBLPROT','2015-07-31 17:45:47','0000-00-00 00:00:00'),('ptr','ENSEMBLTRANS','2015-07-31 17:45:47','0000-00-00 00:00:00'),('ptr','ENTREZ','2015-07-31 17:45:47','0000-00-00 00:00:00'),('ptr','ENZYME','2015-07-31 17:45:47','0000-00-00 00:00:00'),('ptr','GENENAME','2015-07-31 17:45:47','0000-00-00 00:00:00'),('ptr','KEGG','2015-07-31 17:45:47','0000-00-00 00:00:00'),('ptr','REFSEQ','2015-07-31 17:45:47','0000-00-00 00:00:00'),('ptr','SYMBOL','2015-07-31 17:45:47','0000-00-00 00:00:00'),('ptr','UNIPROT','2015-07-31 17:45:47','0000-00-00 00:00:00'),('rno','ACCNUM','2015-07-31 17:45:47','0000-00-00 00:00:00'),('rno','ENSEMBL','2015-07-31 17:45:47','0000-00-00 00:00:00'),('rno','ENSEMBLPROT','2015-07-31 17:45:47','0000-00-00 00:00:00'),('rno','ENSEMBLTRANS','2015-07-31 17:45:47','0000-00-00 00:00:00'),('rno','ENTREZ','2015-07-31 17:45:47','0000-00-00 00:00:00'),('rno','ENZYME','2015-07-31 17:45:47','0000-00-00 00:00:00'),('rno','GENENAME','2015-07-31 17:45:47','0000-00-00 00:00:00'),('rno','KEGG','2015-07-31 17:45:47','0000-00-00 00:00:00'),('rno','PROSITE','2015-07-31 17:45:47','0000-00-00 00:00:00'),('rno','REFSEQ','2015-07-31 17:45:47','0000-00-00 00:00:00'),('rno','SYMBOL','2015-07-31 17:45:47','0000-00-00 00:00:00'),('rno','UNIGENE','2015-07-31 17:45:47','0000-00-00 00:00:00'),('rno','UNIPROT','2015-07-31 17:45:47','0000-00-00 00:00:00'),('sce','ENSEMBL','2015-07-31 17:45:47','0000-00-00 00:00:00'),('sce','ENSEMBLPROT','2015-07-31 17:45:47','0000-00-00 00:00:00'),('sce','ENSEMBLTRANS','2015-07-31 17:45:47','0000-00-00 00:00:00'),('sce','ENTREZ','2015-07-31 17:45:47','0000-00-00 00:00:00'),('sce','ENZYME','2015-07-31 17:45:47','0000-00-00 00:00:00'),('sce','GENENAME','2015-07-31 17:45:47','0000-00-00 00:00:00'),('sce','KEGG','2015-07-31 17:45:47','0000-00-00 00:00:00'),('sce','ORF','2015-07-31 17:45:47','0000-00-00 00:00:00'),('sce','REFSEQ','2015-07-31 17:45:47','0000-00-00 00:00:00'),('sce','UNIPROT','2015-07-31 17:45:47','0000-00-00 00:00:00'),('ssc','ACCNUM','2015-07-31 17:45:47','0000-00-00 00:00:00'),('ssc','ENTREZ','2015-07-31 17:45:47','0000-00-00 00:00:00'),('ssc','ENZYME','2015-07-31 17:45:47','0000-00-00 00:00:00'),('ssc','GENENAME','2015-07-31 17:45:47','0000-00-00 00:00:00'),('ssc','KEGG','2015-07-31 17:45:47','0000-00-00 00:00:00'),('ssc','REFSEQ','2015-07-31 17:45:47','0000-00-00 00:00:00'),('ssc','SYMBOL','2015-07-31 17:45:47','0000-00-00 00:00:00'),('ssc','UNIGENE','2015-07-31 17:45:47','0000-00-00 00:00:00'),('ssc','UNIPROT','2015-07-31 17:45:47','0000-00-00 00:00:00'),('xla','ACCNUM','2015-07-31 17:45:47','0000-00-00 00:00:00'),('xla','ENTREZ','2015-07-31 17:45:47','0000-00-00 00:00:00'),('xla','ENZYME','2015-07-31 17:45:47','0000-00-00 00:00:00'),('xla','GENENAME','2015-07-31 17:45:47','0000-00-00 00:00:00'),('xla','KEGG','2015-07-31 17:45:47','0000-00-00 00:00:00'),('xla','REFSEQ','2015-07-31 17:45:47','0000-00-00 00:00:00'),('xla','SYMBOL','2015-07-31 17:45:47','0000-00-00 00:00:00'),('xla','UNIGENE','2015-07-31 17:45:47','0000-00-00 00:00:00'),('xla','UNIPROT','2015-07-31 17:45:47','0000-00-00 00:00:00');
/*!40000 ALTER TABLE `GageSpeceisGeneIdMatch` ENABLE KEYS */;
UNLOCK TABLES;

--
-- Table structure for table `GoGene`
--

DROP TABLE IF EXISTS `GoGene`;
/*!40101 SET @saved_cs_client     = @@character_set_client */;
/*!40101 SET character_set_client = utf8 */;
CREATE TABLE `GoGene` (
  `geneid` varchar(20) NOT NULL DEFAULT '',
  `gene_desc` varchar(100) DEFAULT NULL,
  `created_at` datetime DEFAULT NULL,
  `updated_at` datetime DEFAULT NULL,
  PRIMARY KEY (`geneid`)
) ENGINE=InnoDB DEFAULT CHARSET=latin1;
/*!40101 SET character_set_client = @saved_cs_client */;

--
-- Dumping data for table `GoGene`
--

LOCK TABLES `GoGene` WRITE;
/*!40000 ALTER TABLE `GoGene` DISABLE KEYS */;
INSERT INTO `GoGene` VALUES ('ACCNUM','','2015-08-12 16:46:41','0000-00-00 00:00:00'),('ENSEMBL','','2015-08-12 16:46:41','0000-00-00 00:00:00'),('ENSEMBLPROT','','2015-08-12 16:46:41','0000-00-00 00:00:00'),('ENSEMBLTRANS','','2015-08-12 16:46:41','0000-00-00 00:00:00'),('ENTREZ','','0000-00-00 00:00:00','0000-00-00 00:00:00'),('ENTREZID','','2015-08-12 16:46:41','0000-00-00 00:00:00'),('ENZYME','','2015-08-12 16:46:41','0000-00-00 00:00:00'),('GENENAME','','2015-08-12 16:46:41','0000-00-00 00:00:00'),('KEGG','','0000-00-00 00:00:00','0000-00-00 00:00:00'),('ORF','','2015-08-12 16:46:41','0000-00-00 00:00:00'),('PROSITE','','2015-08-12 16:46:41','0000-00-00 00:00:00'),('REFSEQ','','2015-08-12 16:46:41','0000-00-00 00:00:00'),('SYMBOL','','2015-08-12 16:46:41','0000-00-00 00:00:00'),('TAIR','','2015-08-12 16:46:41','0000-00-00 00:00:00'),('UNIGENE','','2015-08-12 16:46:41','0000-00-00 00:00:00'),('UNIPROT','','2015-08-12 16:46:41','0000-00-00 00:00:00');
/*!40000 ALTER TABLE `GoGene` ENABLE KEYS */;
UNLOCK TABLES;

--
-- Table structure for table `GoSpecies`
--

DROP TABLE IF EXISTS `GoSpecies`;
/*!40101 SET @saved_cs_client     = @@character_set_client */;
/*!40101 SET character_set_client = utf8 */;
CREATE TABLE `GoSpecies` (
  `Go_name` varchar(50) DEFAULT NULL,
  `species_id` varchar(10) DEFAULT NULL,
  `id_type` varchar(10) DEFAULT NULL,
  KEY `species_id` (`species_id`),
  CONSTRAINT `GoSpecies_ibfk_1` FOREIGN KEY (`species_id`) REFERENCES `Species` (`species_id`)
) ENGINE=InnoDB DEFAULT CHARSET=latin1;
/*!40101 SET character_set_client = @saved_cs_client */;

--
-- Dumping data for table `GoSpecies`
--

LOCK TABLES `GoSpecies` WRITE;
/*!40000 ALTER TABLE `GoSpecies` DISABLE KEYS */;
INSERT INTO `GoSpecies` VALUES ('Anopheles','aga','eg'),('Arabidopsis','ath','tair'),('Bovine','bta','eg'),('Worm','cel','eg'),('Canine','cfa','eg'),('Fly','dme','eg'),('Zebrafish','dre','eg'),('E coli strain K12','eco','eg'),('E coli strain Sakai','ecs','eg'),('Chicken','gga','eg'),('Human','hsa','eg'),('Mouse','mmu','eg'),('Rhesus','mcc','eg'),('Malaria','pfa','orf'),('Chimp','ptr','eg'),('Rat','rno','eg'),('Yeast','sce','orf'),('Pig','ssc','eg'),('Xenopus','xla','eg');
/*!40000 ALTER TABLE `GoSpecies` ENABLE KEYS */;
UNLOCK TABLES;

--
-- Table structure for table `biocGagestatistic`
--

DROP TABLE IF EXISTS `biocGagestatistic`;
/*!40101 SET @saved_cs_client     = @@character_set_client */;
/*!40101 SET character_set_client = utf8 */;
CREATE TABLE `biocGagestatistic` (
  `month` varchar(10) NOT NULL DEFAULT '',
  `year` varchar(10) NOT NULL DEFAULT '',
  `numberof_uniqueip` int(10) DEFAULT NULL,
  `numberof_downloads` int(10) DEFAULT NULL,
  PRIMARY KEY (`month`,`year`)
) ENGINE=InnoDB DEFAULT CHARSET=latin1;
/*!40101 SET character_set_client = @saved_cs_client */;

--
-- Dumping data for table `biocGagestatistic`
--

LOCK TABLES `biocGagestatistic` WRITE;
/*!40000 ALTER TABLE `biocGagestatistic` DISABLE KEYS */;
INSERT INTO `biocGagestatistic` VALUES ('Apr','2015',630,1068),('Aug','2014',559,787),('August','2015',304,488),('Dec','2014',466,732),('Feb','2015',410,703),('Jan','2014',470,843),('Jan','2015',470,843),('Jul','2014',628,909),('July','2015',529,939),('June','2015',472,743),('Mar','2015',471,792),('May','2015',568,834),('Nov','2014',497,720),('Oct','2014',630,855),('October','2015',120,179),('Sep','2014',630,855);
/*!40000 ALTER TABLE `biocGagestatistic` ENABLE KEYS */;
UNLOCK TABLES;
/*!40103 SET TIME_ZONE=@OLD_TIME_ZONE */;

/*!40101 SET SQL_MODE=@OLD_SQL_MODE */;
/*!40014 SET FOREIGN_KEY_CHECKS=@OLD_FOREIGN_KEY_CHECKS */;
/*!40014 SET UNIQUE_CHECKS=@OLD_UNIQUE_CHECKS */;
/*!40101 SET CHARACTER_SET_CLIENT=@OLD_CHARACTER_SET_CLIENT */;
/*!40101 SET CHARACTER_SET_RESULTS=@OLD_CHARACTER_SET_RESULTS */;
/*!40101 SET COLLATION_CONNECTION=@OLD_COLLATION_CONNECTION */;
/*!40111 SET SQL_NOTES=@OLD_SQL_NOTES */;

-- Dump completed on 2015-10-21 17:10:04
